,,,,,,,,,,,,,,,,,,,,,,,,,,,,,,,,,
N° Cliente,Año,Instalacion,NroContrato,Mes,Gerencia,Sucursal,Sist.,Loc.,Localidad,Plan,Ruta,Folio,Eq.,Domicilio de Suministro,Actividad principal,Tarifa Aplicada,Tipo de Contrato,Cap.Sum.Contratada Pico,Cap.Sum.Contratada F.Pico,Dem.Reg. Pico,Dem.Reg. F.Pico,Nro Exceso,Evol. Dem. Pico,Evol. Dem. F.Pico,Dif.Dem. Pico,Dif.Dem. F.Pico,Cap.Contr.Inic. Pico–F.Pico (kW),Máx.Cap.Contr.Inic.,Pot.Reg.Pico/Cap.Contr.Inic. Pico,Pot.Reg.F.Pico/Cap.Contr.Inic. F.Pico,Pot.Reg.Máx/Cap.Contr.Máx.Inic.,Exceso Dem.Reg. (val.máx.),Contador excesos
700001431,2006,1,1,8,R,VILLA CONSTITUCION,300,44,VILLA CONSTITUCION,99,8020,8400,0,ZONA RURAL - PUEBLO ESTHER,Distribucion de Energia Electrica,4M30,O,3886,3731,2999,2693,,3886,3731,0,0,3.886 - 3.731,3886,"77,17 %","72,18 %","77,17 %",,0
700001431,2006,1,1,9,R,VILLA CONSTITUCION,300,44,VILLA CONSTITUCION,99,8020,8400,0,ZONA RURAL - PUEBLO ESTHER,Distribucion de Energia Electrica,4M30,O,3886,3731,2965,2686,,3886,3731,0,0,3.886 - 3.731,3886,"76,30 %","71,99 %","76,30 %",,0
700001431,2006,1,1,10,R,VILLA CONSTITUCION,300,44,VILLA CONSTITUCION,99,8020,8400,0,ZONA RURAL - PUEBLO ESTHER,Distribucion de Energia Electrica,4M30,O,3886,3731,3367,2933,,3886,3731,0,0,3.886 - 3.731,3886,"86,64 %","78,61 %","86,64 %",,0
700001431,2006,1,1,11,R,VILLA CONSTITUCION,300,44,VILLA CONSTITUCION,99,8020,8400,0,ZONA RURAL - PUEBLO ESTHER,Distribucion de Energia Electrica,4M30,O,3886,3731,3176,2999,,3886,3731,0,0,3.886 - 3.731,3886,"81,73 %","80,38 %","81,73 %",,0
700001431,2006,1,1,12,R,VILLA CONSTITUCION,300,44,VILLA CONSTITUCION,99,8020,8400,0,ZONA RURAL - PUEBLO ESTHER,Distribucion de Energia Electrica,4M30,O,3886,3731,3990,3781,,3886,3731,0,0,3.886 - 3.731,3886,"102,68 %","101,34 %","102,68 %",2 %,0
700001431,2007,1,1,1,R,VILLA CONSTITUCION,300,44,VILLA CONSTITUCION,99,8020,8400,0,ZONA RURAL - PUEBLO ESTHER,Distribucion de Energia Electrica,4M30,O,3886,3731,3848,3684,,3886,3731,0,0,3.886 - 3.731,3886,"99,02 %","98,74 %","99,02 %",2 %,0
700001431,2007,1,1,2,R,VILLA CONSTITUCION,300,44,VILLA CONSTITUCION,99,8020,8400,0,ZONA RURAL - PUEBLO ESTHER,Distribucion de Energia Electrica,4M30,O,3886,3731,3896,3605,,3886,3731,0,0,3.886 - 3.731,3886,"100,26 %","96,62 %","100,26 %",2 %,0
700001431,2007,1,1,3,R,VILLA CONSTITUCION,300,44,VILLA CONSTITUCION,99,8020,8400,0,ZONA RURAL - PUEBLO ESTHER,Distribucion de Energia Electrica,4M30,O,3886,3731,3271,2912,,3886,3731,0,0,3.886 - 3.731,3886,"84,17 %","78,05 %","84,17 %",2 %,0
700001431,2007,1,1,4,R,VILLA CONSTITUCION,300,44,VILLA CONSTITUCION,99,8020,8400,0,ZONA RURAL - PUEBLO ESTHER,Distribucion de Energia Electrica,4M30,O,3886,3731,3263,3026,,3886,3731,0,0,3.886 - 3.731,3886,"83,97 %","81,10 %","83,97 %",2 %,0
700001431,2007,1,1,5,R,VILLA CONSTITUCION,300,44,VILLA CONSTITUCION,99,8020,8400,0,ZONA RURAL - PUEBLO ESTHER,Distribucion de Energia Electrica,4M30,O,3886,3731,2990,2638,,3886,3731,0,0,3.886 - 3.731,3886,"76,94 %","70,70 %","76,94 %",2 %,0
700001431,2007,1,1,6,R,VILLA CONSTITUCION,300,44,VILLA CONSTITUCION,99,8020,8400,0,ZONA RURAL - PUEBLO ESTHER,Distribucion de Energia Electrica,4M30,O,3886,3731,3084,2825,,3886,3731,0,0,3.886 - 3.731,3886,"79,36 %","75,72 %","79,36 %",2 %,0
700001431,2007,1,1,7,R,VILLA CONSTITUCION,300,44,VILLA CONSTITUCION,99,8020,8400,0,ZONA RURAL - PUEBLO ESTHER,Distribucion de Energia Electrica,4M30,O,3886,3731,3095,2825,,3886,3731,0,0,3.886 - 3.731,3886,"79,64 %","75,72 %","79,64 %",2 %,0
700001431,2007,2,2,8,R,VILLA CONSTITUCION,300,44,VILLA CONSTITUCION,99,8020,8400,0,ZONA RURAL - PUEBLO ESTHER,Distribucion de Energia Electrica,4M30,O,3886,3731,3294,3143,,3886,3731,0,0,3.886 - 3.731,3886,"84,77 %","84,24 %","84,77 %",,0
700001431,2007,2,2,9,R,VILLA CONSTITUCION,300,44,VILLA CONSTITUCION,99,8020,8400,0,ZONA RURAL - PUEBLO ESTHER,Distribucion de Energia Electrica,4M30,O,3886,3731,3118,2806,,3886,3731,0,0,3.886 - 3.731,3886,"80,24 %","75,21 %","80,24 %",,0
700001431,2007,2,2,10,R,VILLA CONSTITUCION,300,44,VILLA CONSTITUCION,99,8020,8400,0,ZONA RURAL - PUEBLO ESTHER,Distribucion de Energia Electrica,4M30,O,3886,3731,3055,2756,,3886,3731,0,0,3.886 - 3.731,3886,"78,62 %","73,87 %","78,62 %",,0
700001431,2007,2,2,11,R,VILLA CONSTITUCION,300,44,VILLA CONSTITUCION,99,8020,8400,0,ZONA RURAL - PUEBLO ESTHER,Distribucion de Energia Electrica,4M30,O,3886,3731,3674,3433,,3886,3731,0,0,3.886 - 3.731,3886,"94,54 %","92,01 %","94,54 %",,0
700001431,2007,2,2,12,R,VILLA CONSTITUCION,300,44,VILLA CONSTITUCION,99,8020,8400,0,ZONA RURAL - PUEBLO ESTHER,Distribucion de Energia Electrica,4M30,O,3886,3731,3996,3806,,3886,3731,0,0,3.886 - 3.731,3886,"102,83 %","102,01 %","102,83 %",2 %,0
700001431,2008,2,2,1,R,VILLA CONSTITUCION,300,44,VILLA CONSTITUCION,99,8020,8400,0,ZONA RURAL - PUEBLO ESTHER,Distribucion de Energia Electrica,4M30,O,3886,3731,4568,4427,1,3886,3731,0,0,3.886 - 3.731,3886,"117,55 %","118,65 %","117,55 %",17 %,1
700001431,2008,2,2,2,R,VILLA CONSTITUCION,300,44,VILLA CONSTITUCION,99,8020,8400,0,ZONA RURAL - PUEBLO ESTHER,Distribucion de Energia Electrica,4M30,O,4568,4427,4344,4069,,4568,4427,0,0,3.886 - 3.731,3886,"111,79 %","109,06 %","111,79 %",17 %,1
700001431,2008,2,2,3,R,VILLA CONSTITUCION,300,44,VILLA CONSTITUCION,99,8020,8400,0,ZONA RURAL - PUEBLO ESTHER,Distribucion de Energia Electrica,4M30,O,4568,4427,3787,3290,,4568,4427,0,0,3.886 - 3.731,3886,"97,45 %","88,18 %","97,45 %",17 %,1
700001431,2008,2,2,4,R,VILLA CONSTITUCION,300,44,VILLA CONSTITUCION,99,8020,8400,0,ZONA RURAL - PUEBLO ESTHER,Distribucion de Energia Electrica,4M30,O,4568,4427,3268,2801,,4568,4427,0,0,3.886 - 3.731,3886,"84,10 %","75,07 %","84,10 %",17 %,1
700001431,2008,2,2,5,R,VILLA CONSTITUCION,300,44,VILLA CONSTITUCION,99,8020,8400,0,ZONA RURAL - PUEBLO ESTHER,Distribucion de Energia Electrica,4M30,O,4568,4427,3208,2834,,4568,4427,0,0,3.886 - 3.731,3886,"82,55 %","75,96 %","82,55 %",17 %,1
700001431,2008,2,2,6,R,VILLA CONSTITUCION,300,44,VILLA CONSTITUCION,99,8020,8400,0,ZONA RURAL - PUEBLO ESTHER,Distribucion de Energia Electrica,4M30,O,4568,4427,3220,2936,,4568,4427,0,0,3.886 - 3.731,3886,"82,86 %","78,69 %","82,86 %",17 %,1
700001431,2008,2,2,7,R,VILLA CONSTITUCION,300,44,VILLA CONSTITUCION,99,8020,8400,0,ZONA RURAL - PUEBLO ESTHER,Distribucion de Energia Electrica,4M30,O,4568,4427,2620,2789,,4568,4427,0,0,3.886 - 3.731,3886,"67,42 %","74,75 %","71,77 %",17 %,1
700001431,2008,3,3,8,R,VILLA CONSTITUCION,300,44,VILLA CONSTITUCION,99,8020,8400,0,ZONA RURAL - PUEBLO ESTHER,Distribucion de Energia Electrica,4M30,O,4568,4427,3487,3127,,4568,4427,0,0,4.568 - 4.427,4568,"76,34 %","70,63 %","76,34 %",,0
700001431,2008,3,3,9,R,VILLA CONSTITUCION,300,44,VILLA CONSTITUCION,99,8020,8400,0,ZONA RURAL - PUEBLO ESTHER,Distribucion de Energia Electrica,4M30,O,4568,4427,3071,3010,,4568,4427,0,0,4.568 - 4.427,4568,"67,23 %","67,99 %","67,23 %",,0
700001431,2008,3,3,10,R,VILLA CONSTITUCION,300,44,VILLA CONSTITUCION,99,8020,8400,0,ZONA RURAL - PUEBLO ESTHER,Distribucion de Energia Electrica,4M30,O,4568,4427,3348,2941,,4568,4427,0,0,4.568 - 4.427,4568,"73,29 %","66,43 %","73,29 %",,0
700001431,2008,3,3,11,R,VILLA CONSTITUCION,300,44,VILLA CONSTITUCION,99,8020,8400,0,ZONA RURAL - PUEBLO ESTHER,Distribucion de Energia Electrica,4M30,O,4568,4427,4122,4288,,4568,4427,0,0,4.568 - 4.427,4568,"90,24 %","96,86 %","93,87 %",,0
700001431,2008,3,3,12,R,VILLA CONSTITUCION,300,44,VILLA CONSTITUCION,99,8020,8400,0,ZONA RURAL - PUEBLO ESTHER,Distribucion de Energia Electrica,4M30,O,4568,4427,4013,4211,,4568,4427,0,0,4.568 - 4.427,4568,"87,85 %","95,12 %","92,18 %",,0
700001431,2009,3,3,1,R,VILLA CONSTITUCION,300,44,VILLA CONSTITUCION,99,8020,8400,0,ZONA RURAL - PUEBLO ESTHER,Distribucion de Energia Electrica,4M30,O,4568,4427,4369,4577,,4568,4427,0,0,4.568 - 4.427,4568,"95,64 %","103,39 %","100,20 %",,0
700001431,2009,3,3,2,R,VILLA CONSTITUCION,300,44,VILLA CONSTITUCION,99,8020,8400,0,ZONA RURAL - PUEBLO ESTHER,Distribucion de Energia Electrica,4M30,O,4568,4427,4257,4192,,4568,4427,0,0,4.568 - 4.427,4568,"93,19 %","94,69 %","93,19 %",,0
700001431,2009,3,3,3,R,VILLA CONSTITUCION,300,44,VILLA CONSTITUCION,99,8020,8400,0,ZONA RURAL - PUEBLO ESTHER,Distribucion de Energia Electrica,4M30,O,4568,4427,3856,4049,,4568,4427,0,0,4.568 - 4.427,4568,"84,41 %","91,46 %","88,64 %",,0
700001431,2009,3,3,4,R,VILLA CONSTITUCION,300,44,VILLA CONSTITUCION,99,8020,8400,0,ZONA RURAL - PUEBLO ESTHER,Distribucion de Energia Electrica,4M30,O,4568,4427,3097,3098,,4568,4427,0,0,4.568 - 4.427,4568,"67,80 %","69,98 %","67,82 %",,0
700001431,2009,3,3,5,R,VILLA CONSTITUCION,300,44,VILLA CONSTITUCION,99,8020,8400,0,ZONA RURAL - PUEBLO ESTHER,Distribucion de Energia Electrica,4M30,O,4568,4427,3115,3145,,4568,4427,0,0,4.568 - 4.427,4568,"68,19 %","71,04 %","68,85 %",,0
700001431,2009,3,3,6,R,VILLA CONSTITUCION,300,44,VILLA CONSTITUCION,99,8020,8400,0,ZONA RURAL - PUEBLO ESTHER,Distribucion de Energia Electrica,4M30,O,4568,4427,3390,3427,,4568,4427,0,0,4.568 - 4.427,4568,"74,21 %","77,41 %","75,02 %",,0
700001431,2009,3,3,7,R,VILLA CONSTITUCION,300,44,VILLA CONSTITUCION,99,8020,8400,0,ZONA RURAL - PUEBLO ESTHER,Distribucion de Energia Electrica,4M30,O,4568,4427,3358,3398,,4568,4427,0,0,4.568 - 4.427,4568,"73,51 %","76,76 %","74,39 %",,0
700001431,2009,4,4,8,R,VILLA CONSTITUCION,300,44,VILLA CONSTITUCION,99,8020,8400,0,ZONA RURAL - PUEBLO ESTHER,Distribucion de Energia Electrica,4M30,O,4568,4427,3193,3168,,4568,4427,0,0,4.568 - 4.427,4568,"69,90 %","71,56 %","69,90 %",,0
700001431,2009,4,4,9,R,VILLA CONSTITUCION,300,44,VILLA CONSTITUCION,99,8020,8400,0,ZONA RURAL - PUEBLO ESTHER,Distribucion de Energia Electrica,4M30,O,4568,4427,3047,3119,,4568,4427,0,0,4.568 - 4.427,4568,"66,70 %","70,45 %","68,28 %",,0
700001431,2009,4,4,10,R,VILLA CONSTITUCION,300,44,VILLA CONSTITUCION,99,8020,8400,0,ZONA RURAL - PUEBLO ESTHER,Distribucion de Energia Electrica,4M30,O,4568,4427,3604,3860,,4568,4427,0,0,4.568 - 4.427,4568,"78,90 %","87,19 %","84,50 %",,0
700001431,2009,4,4,11,R,VILLA CONSTITUCION,300,44,VILLA CONSTITUCION,99,8020,8400,0,ZONA RURAL - PUEBLO ESTHER,Distribucion de Energia Electrica,4M30,O,4568,4427,4298,4198,,4568,4427,0,0,4.568 - 4.427,4568,"94,09 %","94,83 %","94,09 %",,0
700001431,2009,4,4,12,R,VILLA CONSTITUCION,300,44,VILLA CONSTITUCION,99,8020,8400,0,ZONA RURAL - PUEBLO ESTHER,Distribucion de Energia Electrica,4M30,O,4568,4427,4035,4373,,4568,4427,0,0,4.568 - 4.427,4568,"88,33 %","98,78 %","95,73 %",,0
700001431,2010,4,4,1,R,VILLA CONSTITUCION,300,44,VILLA CONSTITUCION,99,8020,8400,0,ZONA RURAL - PUEBLO ESTHER,Distribucion de Energia Electrica,4M30,O,4568,4427,4906,4891,,4568,4427,0,0,4.568 - 4.427,4568,"107,40 %","110,48 %","107,40 %",7 %,0
700001431,2010,4,4,2,R,VILLA CONSTITUCION,300,44,VILLA CONSTITUCION,99,8020,8400,0,ZONA RURAL - PUEBLO ESTHER,Distribucion de Energia Electrica,4M30,O,4568,4427,4912,4891,,4568,4427,0,0,4.568 - 4.427,4568,"107,53 %","110,48 %","107,53 %",7 %,0
700001431,2010,4,4,3,R,VILLA CONSTITUCION,300,44,VILLA CONSTITUCION,99,8020,8400,0,ZONA RURAL - PUEBLO ESTHER,Distribucion de Energia Electrica,4M30,O,4568,4427,4724,4338,,4568,4427,0,0,4.568 - 4.427,4568,"103,42 %","97,99 %","103,42 %",7 %,0
700001431,2010,4,4,4,R,VILLA CONSTITUCION,300,44,VILLA CONSTITUCION,99,8020,8400,0,ZONA RURAL - PUEBLO ESTHER,Distribucion de Energia Electrica,4M30,O,4568,4427,4102,3744,,4568,4427,0,0,4.568 - 4.427,4568,"89,80 %","84,57 %","89,80 %",7 %,0
700001431,2010,4,4,5,R,VILLA CONSTITUCION,300,44,VILLA CONSTITUCION,99,8020,8400,0,ZONA RURAL - PUEBLO ESTHER,Distribucion de Energia Electrica,4M30,O,4568,4427,3828,3479,,4568,4427,0,0,4.568 - 4.427,4568,"83,80 %","78,59 %","83,80 %",7 %,0
700001431,2010,4,4,6,R,VILLA CONSTITUCION,300,44,VILLA CONSTITUCION,99,8020,8400,0,ZONA RURAL - PUEBLO ESTHER,Distribucion de Energia Electrica,4M30,O,4568,4427,3688,3712,,4568,4427,0,0,4.568 - 4.427,4568,"80,74 %","83,85 %","81,26 %",7 %,0
700001431,2010,4,4,7,R,VILLA CONSTITUCION,300,44,VILLA CONSTITUCION,99,8020,8400,0,ZONA RURAL - PUEBLO ESTHER,Distribucion de Energia Electrica,4M30,O,4568,4427,4307,3892,,4568,4427,0,0,4.568 - 4.427,4568,"94,29 %","87,92 %","94,29 %",7 %,0
700001431,2010,5,5,8,R,VILLA CONSTITUCION,300,44,VILLA CONSTITUCION,99,8020,8400,0,ZONA RURAL - PUEBLO ESTHER,Distribucion de Energia Electrica,4M30,O,4568,4427,3731,3761,,4568,4427,0,0,4.568 - 4.427,4568,"81,68 %","84,96 %","82,33 %",,0
700001431,2010,5,5,9,R,VILLA CONSTITUCION,300,44,VILLA CONSTITUCION,99,8020,8400,0,ZONA RURAL - PUEBLO ESTHER,Distribucion de Energia Electrica,4M30,O,4568,4427,3728,3888,,4568,4427,0,0,4.568 - 4.427,4568,"81,61 %","87,82 %","85,11 %",,0
700001431,2010,5,5,10,R,VILLA CONSTITUCION,300,44,VILLA CONSTITUCION,99,8020,8400,0,ZONA RURAL - PUEBLO ESTHER,Distribucion de Energia Electrica,4M30,O,4568,4427,3348,3331,,4568,4427,0,0,4.568 - 4.427,4568,"73,29 %","75,24 %","73,29 %",,0
700001431,2010,5,5,11,R,VILLA CONSTITUCION,300,44,VILLA CONSTITUCION,99,8020,8400,0,ZONA RURAL - PUEBLO ESTHER,Distribucion de Energia Electrica,4M30,O,4568,4427,4398,4481,,4568,4427,0,0,4.568 - 4.427,4568,"96,28 %","101,22 %","98,10 %",,0
700001431,2010,5,5,12,R,VILLA CONSTITUCION,300,44,VILLA CONSTITUCION,99,8020,8400,0,ZONA RURAL - PUEBLO ESTHER,Distribucion de Energia Electrica,4M30,O,4568,4427,4409,4914,,4568,4427,0,0,4.568 - 4.427,4568,"96,52 %","111,00 %","107,57 %",7 %,0
700001431,2011,5,5,1,R,VILLA CONSTITUCION,300,44,VILLA CONSTITUCION,99,8020,8400,0,ZONA RURAL - PUEBLO ESTHER,Distribucion de Energia Electrica,4M30,O,4568,4427,4422,4912,,4568,4427,0,0,4.568 - 4.427,4568,"96,80 %","110,96 %","107,53 %",7 %,0
700001431,2011,5,5,2,R,VILLA CONSTITUCION,300,44,VILLA CONSTITUCION,99,8020,8400,0,ZONA RURAL - PUEBLO ESTHER,Distribucion de Energia Electrica,4M30,O,4568,4427,4447,4913,,4568,4427,0,0,4.568 - 4.427,4568,"97,35 %","110,98 %","107,55 %",7 %,0
700001431,2011,5,5,3,R,VILLA CONSTITUCION,300,44,VILLA CONSTITUCION,99,8020,8400,0,ZONA RURAL - PUEBLO ESTHER,Distribucion de Energia Electrica,4M30,O,4568,4427,4462,4824,,4568,4427,0,0,4.568 - 4.427,4568,"97,68 %","108,97 %","105,60 %",7 %,0
700001431,2011,5,5,4,R,VILLA CONSTITUCION,300,44,VILLA CONSTITUCION,99,8020,8400,0,ZONA RURAL - PUEBLO ESTHER,Distribucion de Energia Electrica,4M30,O,4568,4427,3935,3671,,4568,4427,0,0,4.568 - 4.427,4568,"86,14 %","82,92 %","86,14 %",7 %,0
700001431,2011,5,5,5,R,VILLA CONSTITUCION,300,44,VILLA CONSTITUCION,99,8020,8400,0,ZONA RURAL - PUEBLO ESTHER,Distribucion de Energia Electrica,4M30,O,4568,4427,3989,3532,,4568,4427,0,0,4.568 - 4.427,4568,"87,32 %","79,78 %","87,32 %",7 %,0
700001431,2011,5,5,6,R,VILLA CONSTITUCION,300,44,VILLA CONSTITUCION,99,8020,8400,0,ZONA RURAL - PUEBLO ESTHER,Distribucion de Energia Electrica,4M30,O,4568,4427,4067,3671,,4568,4427,0,0,4.568 - 4.427,4568,"89,03 %","82,92 %","89,03 %",7 %,0
700001431,2011,5,5,7,R,VILLA CONSTITUCION,300,44,VILLA CONSTITUCION,99,8020,8400,0,ZONA RURAL - PUEBLO ESTHER,Distribucion de Energia Electrica,4M30,O,4568,4427,3976,3519,,4568,4427,0,0,4.568 - 4.427,4568,"87,04 %","79,49 %","87,04 %",7 %,0
700001431,2011,6,6,8,R,VILLA CONSTITUCION,300,44,VILLA CONSTITUCION,99,8020,8400,0,ZONA RURAL - PUEBLO ESTHER,Distribucion de Energia Electrica,4M30,O,4568,4427,4056,3640,,4568,4427,0,0,4.568 - 4.427,4568,"88,79 %","82,22 %","88,79 %",,0
700001431,2011,6,6,9,R,VILLA CONSTITUCION,300,44,VILLA CONSTITUCION,99,8020,8400,0,ZONA RURAL - PUEBLO ESTHER,Distribucion de Energia Electrica,4M30,O,4568,4427,3963,3401,,4568,4427,0,0,4.568 - 4.427,4568,"86,76 %","76,82 %","86,76 %",,0
700001431,2011,6,6,10,R,VILLA CONSTITUCION,300,44,VILLA CONSTITUCION,99,8020,8400,0,ZONA RURAL - PUEBLO ESTHER,Distribucion de Energia Electrica,4M30,O,4568,4427,3942,3382,,4568,4427,0,0,4.568 - 4.427,4568,"86,30 %","76,39 %","86,30 %",,0
700001431,2011,6,6,11,R,VILLA CONSTITUCION,300,44,VILLA CONSTITUCION,99,8020,8400,0,ZONA RURAL - PUEBLO ESTHER,Distribucion de Energia Electrica,4M30,O,4568,4427,4682,4426,,4568,4427,0,0,4.568 - 4.427,4568,"102,50 %","99,98 %","102,50 %",2 %,0
700001431,2011,6,6,12,R,VILLA CONSTITUCION,300,44,VILLA CONSTITUCION,99,8020,8400,0,ZONA RURAL - PUEBLO ESTHER,Distribucion de Energia Electrica,4M30,O,4568,4427,4908,4902,,4568,4427,0,0,4.568 - 4.427,4568,"107,44 %","110,73 %","107,44 %",7 %,0
700001431,2012,6,6,1,R,VILLA CONSTITUCION,300,44,VILLA CONSTITUCION,99,8020,8400,0,ZONA RURAL - PUEBLO ESTHER,Distribucion de Energia Electrica,4M30,O,4568,4427,4914,4909,,4568,4427,0,0,4.568 - 4.427,4568,"107,57 %","110,89 %","107,57 %",7 %,0
700001431,2012,6,6,2,R,VILLA CONSTITUCION,300,44,VILLA CONSTITUCION,99,8020,8400,0,ZONA RURAL - PUEBLO ESTHER,Distribucion de Energia Electrica,4M30,O,4568,4427,4910,4913,,4568,4427,0,0,4.568 - 4.427,4568,"107,49 %","110,98 %","107,55 %",7 %,0
700001431,2012,6,6,3,R,VILLA CONSTITUCION,300,44,VILLA CONSTITUCION,99,8020,8400,0,ZONA RURAL - PUEBLO ESTHER,Distribucion de Energia Electrica,4M30,O,4568,4427,4910,4903,,4568,4427,0,0,4.568 - 4.427,4568,"107,49 %","110,75 %","107,49 %",7 %,0
700001431,2012,6,6,4,R,VILLA CONSTITUCION,300,44,VILLA CONSTITUCION,99,8020,8400,0,ZONA RURAL - PUEBLO ESTHER,Distribucion de Energia Electrica,4M30,O,4568,4427,4286,3628,,4568,4427,0,0,4.568 - 4.427,4568,"93,83 %","81,95 %","93,83 %",7 %,0
700001431,2012,6,6,5,R,VILLA CONSTITUCION,300,44,VILLA CONSTITUCION,99,8020,8400,0,ZONA RURAL - PUEBLO ESTHER,Distribucion de Energia Electrica,4M30,O,4568,4427,3881,3522,,4568,4427,0,0,4.568 - 4.427,4568,"84,96 %","79,56 %","84,96 %",7 %,0
700001431,2012,6,6,6,R,VILLA CONSTITUCION,300,44,VILLA CONSTITUCION,99,8020,8400,0,ZONA RURAL - PUEBLO ESTHER,Distribucion de Energia Electrica,4M30,O,4568,4427,4296,3992,,4568,4427,0,0,4.568 - 4.427,4568,"94,05 %","90,17 %","94,05 %",7 %,0
700001431,2012,6,6,7,R,VILLA CONSTITUCION,300,44,VILLA CONSTITUCION,99,8020,8400,0,ZONA RURAL - PUEBLO ESTHER,Distribucion de Energia Electrica,4M30,O,4568,4427,4298,4020,,4568,4427,0,0,4.568 - 4.427,4568,"94,09 %","90,81 %","94,09 %",7 %,0
700001431,2012,7,7,8,R,VILLA CONSTITUCION,300,44,VILLA CONSTITUCION,99,8020,8400,0,ZONA RURAL - PUEBLO ESTHER,Distribucion de Energia Electrica,4M30,O,4568,4427,4091,3762,,4568,4427,0,0,4.568 - 4.427,4568,"89,56 %","84,98 %","89,56 %",,0
700001431,2012,7,7,9,R,VILLA CONSTITUCION,300,44,VILLA CONSTITUCION,99,8020,8400,0,ZONA RURAL - PUEBLO ESTHER,Distribucion de Energia Electrica,4M30,O,4568,4427,3845,3452,,4568,4427,0,0,4.568 - 4.427,4568,"84,17 %","77,98 %","84,17 %",,0
700001431,2012,7,7,10,R,VILLA CONSTITUCION,300,44,VILLA CONSTITUCION,99,8020,8400,0,ZONA RURAL - PUEBLO ESTHER,Distribucion de Energia Electrica,4M30,O,4568,4427,4151,3686,,4568,4427,0,0,4.568 - 4.427,4568,"90,87 %","83,26 %","90,87 %",,0
700001431,2012,7,7,11,R,VILLA CONSTITUCION,300,44,VILLA CONSTITUCION,99,8020,8400,0,ZONA RURAL - PUEBLO ESTHER,Distribucion de Energia Electrica,4M30,O,4568,4427,4906,4880,,4568,4427,0,0,4.568 - 4.427,4568,"107,40 %","110,23 %","107,40 %",7 %,0
700001431,2012,7,7,12,R,VILLA CONSTITUCION,300,44,VILLA CONSTITUCION,99,8020,8400,0,ZONA RURAL - PUEBLO ESTHER,Distribucion de Energia Electrica,4M30,O,4568,4427,4906,4906,,4568,4427,0,0,4.568 - 4.427,4568,"107,40 %","110,82 %","107,40 %",7 %,0
700001431,2013,7,7,1,R,VILLA CONSTITUCION,300,44,VILLA CONSTITUCION,99,8020,8400,0,ZONA RURAL - PUEBLO ESTHER,Distribucion de Energia Electrica,4M30,O,4568,4427,4906,4906,,4568,4427,0,0,4.568 - 4.427,4568,"107,40 %","110,82 %","107,40 %",7 %,0
700001431,2013,7,7,2,R,VILLA CONSTITUCION,300,44,VILLA CONSTITUCION,99,8020,8400,0,ZONA RURAL - PUEBLO ESTHER,Distribucion de Energia Electrica,4M30,O,4568,4427,4906,4906,,4568,4427,0,0,4.568 - 4.427,4568,"107,40 %","110,82 %","107,40 %",7 %,0
700001431,2013,7,7,3,R,VILLA CONSTITUCION,300,44,VILLA CONSTITUCION,99,8020,8400,0,ZONA RURAL - PUEBLO ESTHER,Distribucion de Energia Electrica,4M30,O,4568,4427,4616,4464,,4568,4427,0,0,4.568 - 4.427,4568,"101,05 %","100,84 %","101,05 %",7 %,0
700001431,2013,7,7,4,R,VILLA CONSTITUCION,300,44,VILLA CONSTITUCION,99,8020,8400,0,ZONA RURAL - PUEBLO ESTHER,Distribucion de Energia Electrica,4M30,O,4568,4427,3932,3541,,4568,4427,0,0,4.568 - 4.427,4568,"86,08 %","79,99 %","86,08 %",7 %,0
700001431,2013,7,7,5,R,VILLA CONSTITUCION,300,44,VILLA CONSTITUCION,99,8020,8400,0,ZONA RURAL - PUEBLO ESTHER,Distribucion de Energia Electrica,4M30,O,4568,4427,4310,3798,,4568,4427,0,0,4.568 - 4.427,4568,"94,35 %","85,79 %","94,35 %",7 %,0
700001431,2013,7,7,6,R,VILLA CONSTITUCION,300,44,VILLA CONSTITUCION,99,8020,8400,0,ZONA RURAL - PUEBLO ESTHER,Distribucion de Energia Electrica,4M30,O,4568,4427,4591,4319,,4568,4427,0,0,4.568 - 4.427,4568,"100,50 %","97,56 %","100,50 %",7 %,0
700001431,2013,7,7,7,R,VILLA CONSTITUCION,300,44,VILLA CONSTITUCION,99,8020,8400,0,ZONA RURAL - PUEBLO ESTHER,Distribucion de Energia Electrica,4M30,O,4568,4427,4844,4421,,4568,4427,0,0,4.568 - 4.427,4568,"106,04 %","99,86 %","106,04 %",7 %,0
700001431,2013,8,8,8,R,VILLA CONSTITUCION,300,44,VILLA CONSTITUCION,99,8020,8400,0,ZONA RURAL - PUEBLO ESTHER,Distribucion de Energia Electrica,4M30,O,4568,4400,4647,4485,,4568,4400,0,0,4.568 - 4.400,4568,"101,73 %","101,93 %","101,73 %",1 %,0
700001431,2013,8,8,9,R,VILLA CONSTITUCION,300,44,VILLA CONSTITUCION,99,8020,8400,0,ZONA RURAL - PUEBLO ESTHER,Distribucion de Energia Electrica,4M30,O,4568,4400,4759,4345,,4568,4400,0,0,4.568 - 4.400,4568,"104,18 %","98,75 %","104,18 %",4 %,0
700001431,2013,8,8,10,R,VILLA CONSTITUCION,300,44,VILLA CONSTITUCION,99,8020,8400,0,ZONA RURAL - PUEBLO ESTHER,Distribucion de Energia Electrica,4M30,O,4568,4400,4694,4278,,4568,4400,0,0,4.568 - 4.400,4568,"102,76 %","97,23 %","102,76 %",4 %,0
700001431,2013,8,8,11,R,VILLA CONSTITUCION,300,44,VILLA CONSTITUCION,99,8020,8400,0,ZONA RURAL - PUEBLO ESTHER,Distribucion de Energia Electrica,4M30,O,4568,4400,5038,4907,,4568,4400,0,0,4.568 - 4.400,4568,"110,29 %","111,52 %","110,29 %",10 %,0
700001431,2013,8,8,12,R,VILLA CONSTITUCION,300,44,VILLA CONSTITUCION,99,8020,8400,0,ZONA RURAL - PUEBLO ESTHER,Distribucion de Energia Electrica,4M30,O,4568,4400,7115,6798,1,4568,4400,0,0,4.568 - 4.400,4568,"155,76 %","154,50 %","155,76 %",55 %,1
700001431,2014,8,8,1,R,VILLA CONSTITUCION,300,44,VILLA CONSTITUCION,99,8020,8400,0,ZONA RURAL - PUEBLO ESTHER,Distribucion de Energia Electrica,4M30,O,7115,6798,7596,7582,,7115,6798,0,0,4.568 - 4.400,4568,"166,29 %","172,32 %","166,29 %",66 %,1
700001431,2014,8,8,2,R,VILLA CONSTITUCION,300,44,VILLA CONSTITUCION,99,8020,8400,0,ZONA RURAL - PUEBLO ESTHER,Distribucion de Energia Electrica,4M30,O,7115,6798,6312,6120,,7115,6798,0,0,4.568 - 4.400,4568,"138,18 %","139,09 %","138,18 %",66 %,1
700001431,2014,8,8,3,R,VILLA CONSTITUCION,300,44,VILLA CONSTITUCION,99,8020,8400,0,ZONA RURAL - PUEBLO ESTHER,Distribucion de Energia Electrica,4M30,O,7115,6798,4620,4159,,7115,6798,0,0,4.568 - 4.400,4568,"101,14 %","94,52 %","101,14 %",66 %,1
700001431,2014,8,8,4,R,VILLA CONSTITUCION,300,44,VILLA CONSTITUCION,99,8020,8400,0,ZONA RURAL - PUEBLO ESTHER,Distribucion de Energia Electrica,4M30,O,7115,6798,4918,4610,,7115,6798,0,0,4.568 - 4.400,4568,"107,66 %","104,77 %","107,66 %",66 %,1
700001431,2014,8,8,5,R,VILLA CONSTITUCION,300,44,VILLA CONSTITUCION,99,8020,8400,0,ZONA RURAL - PUEBLO ESTHER,Distribucion de Energia Electrica,4M30,O,7115,6798,4697,4316,,7115,6798,0,0,4.568 - 4.400,4568,"102,82 %","98,09 %","102,82 %",66 %,1
700001431,2014,8,8,6,R,VILLA CONSTITUCION,300,44,VILLA CONSTITUCION,99,8020,8400,0,ZONA RURAL - PUEBLO ESTHER,Distribucion de Energia Electrica,4M30,O,7115,6798,4954,4534,,7115,6798,0,0,4.568 - 4.400,4568,"108,45 %","103,05 %","108,45 %",66 %,1
700001431,2014,8,8,7,R,VILLA CONSTITUCION,300,44,VILLA CONSTITUCION,99,8020,8400,0,ZONA RURAL - PUEBLO ESTHER,Distribucion de Energia Electrica,4M30,O,7115,6798,4880,4508,,7115,6798,0,0,4.568 - 4.400,4568,"106,83 %","102,45 %","106,83 %",66 %,1
700001431,2014,9,9,8,R,VILLA CONSTITUCION,300,44,VILLA CONSTITUCION,99,8020,8400,0,ZONA RURAL - PUEBLO ESTHER,Distribucion de Energia Electrica,4M30,U,4800,4400,4784,5397,1,4800,4400,0,0,4.800 - 4.400,4800,"99,67 %","122,66 %","112,44 %",12 %,1
700001431,2014,9,9,9,R,VILLA CONSTITUCION,300,44,VILLA CONSTITUCION,99,8020,8400,0,ZONA RURAL - PUEBLO ESTHER,Distribucion de Energia Electrica,4M30,U,4800,5397,4198,3725,,4800,5397,0,0,4.800 - 4.400,4800,"87,46 %","84,66 %","87,46 %",12 %,1
700001431,2014,9,9,10,R,VILLA CONSTITUCION,300,44,VILLA CONSTITUCION,99,8020,8400,0,ZONA RURAL - PUEBLO ESTHER,Distribucion de Energia Electrica,4M30,U,4800,5397,5906,5308,2,4800,5397,0,0,4.800 - 4.400,4800,"123,04 %","120,64 %","123,04 %",23 %,2
700001431,2014,9,9,11,R,VILLA CONSTITUCION,300,44,VILLA CONSTITUCION,99,8020,8400,0,ZONA RURAL - PUEBLO ESTHER,Distribucion de Energia Electrica,4M30,U,5906,5397,5797,5471,,5906,5397,0,0,4.800 - 4.400,4800,"120,77 %","124,34 %","120,77 %",23 %,2
700001431,2014,9,9,12,R,VILLA CONSTITUCION,300,44,VILLA CONSTITUCION,99,8020,8400,0,ZONA RURAL - PUEBLO ESTHER,Distribucion de Energia Electrica,4M30,U,5906,5397,6657,6634,3,5906,5397,0,0,4.800 - 4.400,4800,"138,69 %","150,77 %","138,69 %",38 %,3
700001431,2015,9,9,1,R,VILLA CONSTITUCION,300,44,VILLA CONSTITUCION,99,8020,8400,0,ZONA RURAL - PUEBLO ESTHER,Distribucion de Energia Electrica,4M30,U,5906,6634,7454,7219,4,5906,6634,0,0,4.800 - 4.400,4800,"155,29 %","164,07 %","155,29 %",55 %,4
700001431,2015,9,9,2,R,VILLA CONSTITUCION,300,44,VILLA CONSTITUCION,99,8020,8400,0,ZONA RURAL - PUEBLO ESTHER,Distribucion de Energia Electrica,4M30,U,7454,6634,7129,6736,,7454,6634,0,0,4.800 - 4.400,4800,"148,52 %","153,09 %","148,52 %",55 %,4
700001431,2015,9,9,3,R,VILLA CONSTITUCION,300,44,VILLA CONSTITUCION,99,8020,8400,0,ZONA RURAL - PUEBLO ESTHER,Distribucion de Energia Electrica,4M30,U,7454,6634,6893,6564,,7454,6634,0,0,4.800 - 4.400,4800,"143,60 %","149,18 %","143,60 %",55 %,4
700001431,2015,9,9,4,R,VILLA CONSTITUCION,300,44,VILLA CONSTITUCION,99,8020,8400,0,ZONA RURAL - PUEBLO ESTHER,Distribucion de Energia Electrica,4M30,U,7454,6634,4956,4351,,7454,6634,0,0,4.800 - 4.400,4800,"103,25 %","98,89 %","103,25 %",55 %,4
700001431,2015,9,9,5,R,VILLA CONSTITUCION,300,44,VILLA CONSTITUCION,99,8020,8400,0,ZONA RURAL - PUEBLO ESTHER,Distribucion de Energia Electrica,4M30,U,7454,6634,4757,4303,,7454,6634,0,0,4.800 - 4.400,4800,"99,10 %","97,80 %","99,10 %",55 %,4
700001431,2015,9,9,6,R,VILLA CONSTITUCION,300,44,VILLA CONSTITUCION,99,8020,8400,0,ZONA RURAL - PUEBLO ESTHER,Distribucion de Energia Electrica,4M30,U,7454,6634,4610,6617,,7454,6634,0,0,4.800 - 4.400,4800,"96,04 %","150,39 %","137,85 %",55 %,4
700001431,2015,9,9,7,R,VILLA CONSTITUCION,300,44,VILLA CONSTITUCION,99,8020,8400,0,ZONA RURAL - PUEBLO ESTHER,Distribucion de Energia Electrica,4M30,U,7454,6634,5682,5096,,7454,6634,0,0,4.800 - 4.400,4800,"118,38 %","115,82 %","118,38 %",55 %,4
700001431,2015,10,10,8,R,VILLA CONSTITUCION,300,44,VILLA CONSTITUCION,99,8020,8400,0,ZONA RURAL - PUEBLO ESTHER,Distribucion de Energia Electrica,4M30,EB,5000,4600,5261,4790,,5000,4600,0,0,7.000 - 6.800,7000,"75,16 %","70,44 %","75,16 %",0 %,
700001431,2015,10,10,9,R,VILLA CONSTITUCION,300,44,VILLA CONSTITUCION,99,8020,8400,0,ZONA RURAL - PUEBLO ESTHER,Distribucion de Energia Electrica,4M30,EB,5000,4600,5083,4741,,5000,4600,0,0,7.000 - 6.800,7000,"72,61 %","69,72 %","72,61 %",0 %,
700001431,2015,10,10,10,R,VILLA CONSTITUCION,300,44,VILLA CONSTITUCION,99,8020,8400,0,ZONA RURAL - PUEBLO ESTHER,Distribucion de Energia Electrica,4M30,EB,5000,4600,4981,4327,,5000,4600,0,0,7.000 - 6.800,7000,"71,16 %","63,63 %","71,16 %",0 %,
700001431,2015,10,10,11,R,VILLA CONSTITUCION,300,44,VILLA CONSTITUCION,99,8020,8400,0,ZONA RURAL - PUEBLO ESTHER,Distribucion de Energia Electrica,4M30,EB,5000,4600,5303,4895,,5000,4600,0,0,7.000 - 6.800,7000,"75,76 %","71,99 %","75,76 %",0 %,
700001431,2015,10,10,12,R,VILLA CONSTITUCION,300,44,VILLA CONSTITUCION,99,8020,8400,0,ZONA RURAL - PUEBLO ESTHER,Distribucion de Energia Electrica,4M30,EA,7000,6800,7686,7570,,7000,6800,0,0,7.000 - 6.800,7000,"109,80 %","111,32 %","109,80 %",0 %,
700001431,2016,10,10,1,R,VILLA CONSTITUCION,300,44,VILLA CONSTITUCION,99,8020,8400,0,ZONA RURAL - PUEBLO ESTHER,Distribucion de Energia Electrica,4M30,EA,7000,6800,8092,8018,1 - EA,7000,6800,0,0,7.000 - 6.800,7000,"115,60 %","117,91 %","115,60 %",200 %,
700001431,2016,10,10,2,R,VILLA CONSTITUCION,300,44,VILLA CONSTITUCION,99,8020,8400,0,ZONA RURAL - PUEBLO ESTHER,Distribucion de Energia Electrica,4M30,EA,8092,8018,7890,7795,,8092,8018,0,0,7.000 - 6.800,7000,"112,71 %","114,63 %","112,71 %",0 %,
700001431,2016,10,10,3,R,VILLA CONSTITUCION,300,44,VILLA CONSTITUCION,99,8020,8400,0,ZONA RURAL - PUEBLO ESTHER,Distribucion de Energia Electrica,4M30,EA,8092,8018,6486,6216,,8092,8018,0,0,7.000 - 6.800,7000,"92,66 %","91,41 %","92,66 %",0 %,
700001431,2016,10,10,4,R,VILLA CONSTITUCION,300,44,VILLA CONSTITUCION,99,8020,8400,0,ZONA RURAL - PUEBLO ESTHER,Distribucion de Energia Electrica,4M30,EB,5000,4600,5263,4744,,5000,4600,0,0,7.000 - 6.800,7000,"75,19 %","69,76 %","75,19 %",0 %,
700001431,2016,10,10,5,R,VILLA CONSTITUCION,300,44,VILLA CONSTITUCION,99,8020,8400,0,ZONA RURAL - PUEBLO ESTHER,Distribucion de Energia Electrica,4M30,EB,5000,4600,5453,4996,,5000,4600,0,0,7.000 - 6.800,7000,"77,90 %","73,47 %","77,90 %",0 %,
700001431,2016,10,10,6,R,VILLA CONSTITUCION,300,44,VILLA CONSTITUCION,99,8020,8400,0,ZONA RURAL - PUEBLO ESTHER,Distribucion de Energia Electrica,4M30,EB,5000,4600,5326,4874,,5000,4600,0,0,7.000 - 6.800,7000,"76,09 %","71,68 %","76,09 %",0 %,
700001431,2016,10,10,7,R,VILLA CONSTITUCION,300,44,VILLA CONSTITUCION,99,8020,8400,0,ZONA RURAL - PUEBLO ESTHER,Distribucion de Energia Electrica,4M30,EB,5000,4600,5944,5483,,5000,4600,0,0,7.000 - 6.800,7000,"84,91 %","80,63 %","84,91 %",0 %,
700001431,2016,11,11,8,R,VILLA CONSTITUCION,300,44,VILLA CONSTITUCION,99,8020,8400,0,ZONA RURAL - PUEBLO ESTHER,Distribucion de Energia Electrica,4M30,EB,5000,4600,5488,5053,,5000,4600,0,0,7.000 - 6.800,7000,"78,40 %","74,31 %","78,40 %",0 %,
700001431,2016,11,11,9,R,VILLA CONSTITUCION,300,44,VILLA CONSTITUCION,99,8020,8400,0,ZONA RURAL - PUEBLO ESTHER,Distribucion de Energia Electrica,4M30,EB,5000,4600,5522,5212,,5000,4600,0,0,7.000 - 6.800,7000,"78,89 %","76,65 %","78,89 %",0 %,
700001431,2016,11,11,10,R,VILLA CONSTITUCION,300,44,VILLA CONSTITUCION,99,8020,8400,0,ZONA RURAL - PUEBLO ESTHER,Distribucion de Energia Electrica,4M30,EB,5000,4600,4865,4452,,5000,4600,0,0,7.000 - 6.800,7000,"69,50 %","65,47 %","69,50 %",0 %,
700001431,2016,11,11,11,R,VILLA CONSTITUCION,300,44,VILLA CONSTITUCION,99,8020,8400,0,ZONA RURAL - PUEBLO ESTHER,Distribucion de Energia Electrica,4M30,EB,5000,4600,5880,5431,,5000,4600,0,0,7.000 - 6.800,7000,"84,00 %","79,87 %","84,00 %",0 %,
700001431,2016,11,11,12,R,VILLA CONSTITUCION,300,44,VILLA CONSTITUCION,99,8020,8400,0,ZONA RURAL - PUEBLO ESTHER,Distribucion de Energia Electrica,4M30,EA,7000,6800,7354,7338,,7000,6800,0,0,7.000 - 6.800,7000,"105,06 %","107,91 %","105,06 %",0 %,
700001431,2017,11,11,1,R,VILLA CONSTITUCION,300,44,VILLA CONSTITUCION,99,8020,8400,0,ZONA RURAL - PUEBLO ESTHER,Distribucion de Energia Electrica,4M30,EA,7000,6800,8015,7850,1 - EA,7000,6800,0,0,7.000 - 6.800,7000,"114,50 %","115,44 %","114,50 %",100 %,
700001431,2017,11,11,2,R,VILLA CONSTITUCION,300,44,VILLA CONSTITUCION,99,8020,8400,0,ZONA RURAL - PUEBLO ESTHER,Distribucion de Energia Electrica,4M30,EA,7000,7850,7504,7507,2 - EA,7000,7850,0,0,7.000 - 6.800,7000,"107,20 %","110,40 %","107,24 %",100 %,
700001431,2017,11,11,3,R,VILLA CONSTITUCION,300,44,VILLA CONSTITUCION,99,8020,8400,0,ZONA RURAL - PUEBLO ESTHER,Distribucion de Energia Electrica,4M30,EA,7000,7850,7193,6584,3 - EA,7000,7850,0,0,7.000 - 6.800,7000,"102,76 %","96,82 %","102,76 %",100 %,
700001431,2017,11,11,4,R,VILLA CONSTITUCION,300,44,VILLA CONSTITUCION,99,8020,8400,0,ZONA RURAL - PUEBLO ESTHER,Distribucion de Energia Electrica,4M30,EB,5000,4600,5269,4534,,5000,4600,0,0,7.000 - 6.800,7000,"75,27 %","66,68 %","75,27 %",0 %,
700001431,2017,11,11,5,R,VILLA CONSTITUCION,300,44,VILLA CONSTITUCION,99,8020,8400,0,ZONA RURAL - PUEBLO ESTHER,Distribucion de Energia Electrica,4M30,EB,5000,4600,5280,4896,,5000,4600,0,0,7.000 - 6.800,7000,"75,43 %","72,00 %","75,43 %",0 %,
700001431,2017,11,11,6,R,VILLA CONSTITUCION,300,44,VILLA CONSTITUCION,99,8020,8400,0,ZONA RURAL - PUEBLO ESTHER,Distribucion de Energia Electrica,4M30,EB,5000,4600,5736,5405,,5000,4600,0,0,7.000 - 6.800,7000,"81,94 %","79,49 %","81,94 %",0 %,
700001431,2017,11,11,7,R,VILLA CONSTITUCION,300,44,VILLA CONSTITUCION,99,8020,8400,0,ZONA RURAL - PUEBLO ESTHER,Distribucion de Energia Electrica,4M30,EB,5000,4600,5750,5760,,5000,4600,0,0,7.000 - 6.800,7000,"82,14 %","84,71 %","82,29 %",0 %,
700001431,2017,12,12,8,R,VILLA CONSTITUCION,300,44,VILLA CONSTITUCION,99,8020,8400,0,ZONA RURAL - PUEBLO ESTHER,Distribucion de Energia Electrica,4M30,EB,5000,4600,5419,4949,,5000,4600,0,0,7.000 - 6.800,7000,"77,41 %","72,78 %","77,41 %",0 %,
700001431,2017,12,12,9,R,VILLA CONSTITUCION,300,44,VILLA CONSTITUCION,99,8020,8400,0,ZONA RURAL - PUEBLO ESTHER,Distribucion de Energia Electrica,4M30,EB,5000,4600,5131,4694,,5000,4600,0,0,7.000 - 6.800,7000,"73,30 %","69,03 %","73,30 %",0 %,
700001431,2017,12,12,10,R,VILLA CONSTITUCION,300,44,VILLA CONSTITUCION,99,8020,8400,0,ZONA RURAL - PUEBLO ESTHER,Distribucion de Energia Electrica,4M30,EB,5000,4600,5020,4615,,5000,4600,0,0,7.000 - 6.800,7000,"71,71 %","67,87 %","71,71 %",0 %,
700001431,2017,12,12,11,R,VILLA CONSTITUCION,300,44,VILLA CONSTITUCION,99,8020,8400,0,ZONA RURAL - PUEBLO ESTHER,Distribucion de Energia Electrica,4M30,EB,5000,4600,6029,6106,,5000,4600,0,0,7.000 - 6.800,7000,"86,13 %","89,79 %","87,23 %",0 %,
700001431,2017,12,12,12,R,VILLA CONSTITUCION,300,44,VILLA CONSTITUCION,99,8020,8400,0,ZONA RURAL - PUEBLO ESTHER,Distribucion de Energia Electrica,4M30,EA,7000,6800,7670,7637,,7000,6800,0,0,7.000 - 6.800,7000,"109,57 %","112,31 %","109,57 %",0 %,
700001431,2018,12,12,1,R,VILLA CONSTITUCION,300,44,VILLA CONSTITUCION,99,8020,8400,0,ZONA RURAL - PUEBLO ESTHER,Distribucion de Energia Electrica,4M30,EA,7000,6800,8150,7978,1 - EA,7000,6800,0,0,7.000 - 6.800,7000,"116,43 %","117,32 %","116,43 %",200 %,
700001431,2018,12,12,2,R,VILLA CONSTITUCION,300,44,VILLA CONSTITUCION,99,8020,8400,0,ZONA RURAL - PUEBLO ESTHER,Distribucion de Energia Electrica,4M30,EA,8150,7978,8189,8126,2 - EA,8150,7978,0,0,7.000 - 6.800,7000,"116,99 %","119,50 %","116,99 %",200 %,
700001431,2018,12,12,3,R,VILLA CONSTITUCION,300,44,VILLA CONSTITUCION,99,8020,8400,0,ZONA RURAL - PUEBLO ESTHER,Distribucion de Energia Electrica,4M30,EA,8150,8126,6888,6691,,8150,8126,0,0,7.000 - 6.800,7000,"98,40 %","98,40 %","98,40 %",0 %,
700001431,2018,12,12,4,R,VILLA CONSTITUCION,300,44,VILLA CONSTITUCION,99,8020,8400,0,ZONA RURAL - PUEBLO ESTHER,Distribucion de Energia Electrica,4M30,EB,5000,4600,5971,5621,,5000,4600,0,0,7.000 - 6.800,7000,"85,30 %","82,66 %","85,30 %",0 %,
700001431,2018,12,12,5,R,VILLA CONSTITUCION,300,44,VILLA CONSTITUCION,99,8020,8400,0,ZONA RURAL - PUEBLO ESTHER,Distribucion de Energia Electrica,4M30,EB,5000,4600,5213,4651,,5000,4600,0,0,7.000 - 6.800,7000,"74,47 %","68,40 %","74,47 %",0 %,
700001431,2018,12,12,6,R,VILLA CONSTITUCION,300,44,VILLA CONSTITUCION,99,8020,8400,0,ZONA RURAL - PUEBLO ESTHER,Distribucion de Energia Electrica,4M30,EB,5000,4600,5808,5434,,5000,4600,0,0,7.000 - 6.800,7000,"82,97 %","79,91 %","82,97 %",0 %,
700001431,2018,12,12,7,R,VILLA CONSTITUCION,300,44,VILLA CONSTITUCION,99,8020,8400,0,ZONA RURAL - PUEBLO ESTHER,Distribucion de Energia Electrica,4M30,EB,5000,4600,6014,5582,,5000,4600,0,0,7.000 - 6.800,7000,"85,91 %","82,09 %","85,91 %",0 %,
700001431,2018,13,13,8,R,VILLA CONSTITUCION,300,44,VILLA CONSTITUCION,99,8020,8400,0,ZONA RURAL - PUEBLO ESTHER,Distribucion de Energia Electrica,4M30,EB,5000,4600,5803,5357,,5000,4600,0,0,7.000 - 6.800,7000,"82,90 %","78,78 %","82,90 %",0 %,
700001431,2018,13,13,9,R,VILLA CONSTITUCION,300,44,VILLA CONSTITUCION,99,8020,8400,0,ZONA RURAL - PUEBLO ESTHER,Distribucion de Energia Electrica,4M30,EB,5000,4600,5299,4690,,5000,4600,0,0,7.000 - 6.800,7000,"75,70 %","68,97 %","75,70 %",0 %,
700001431,2018,13,13,10,R,VILLA CONSTITUCION,300,44,VILLA CONSTITUCION,99,8020,8400,0,ZONA RURAL - PUEBLO ESTHER,Distribucion de Energia Electrica,4M30,EB,5000,4600,4886,4248,,5000,4600,0,0,7.000 - 6.800,7000,"69,80 %","62,47 %","69,80 %",0 %,
700001431,2018,13,13,11,R,VILLA CONSTITUCION,300,44,VILLA CONSTITUCION,99,8020,8400,0,ZONA RURAL - PUEBLO ESTHER,Distribucion de Energia Electrica,4M30,EB,5000,4600,5659,5520,,5000,4600,0,0,7.000 - 6.800,7000,"80,84 %","81,18 %","80,84 %",0 %,
700001431,2018,13,13,12,R,VILLA CONSTITUCION,300,44,VILLA CONSTITUCION,99,8020,8400,0,ZONA RURAL - PUEBLO ESTHER,Distribucion de Energia Electrica,4M30,EA,7000,6800,7411,7454,,7000,6800,0,0,7.000 - 6.800,7000,"105,87 %","109,62 %","106,49 %",0 %,
700001431,2019,13,13,1,R,VILLA CONSTITUCION,300,44,VILLA CONSTITUCION,99,8020,8400,0,ZONA RURAL - PUEBLO ESTHER,Distribucion de Energia Electrica,4M30,EA,7000,6800,8798,8813,1 - EA,7000,6800,0,0,7.000 - 6.800,7000,"125,69 %","129,60 %","125,90 %",200 %,
700001431,2019,13,13,2,R,VILLA CONSTITUCION,300,44,VILLA CONSTITUCION,99,8020,8400,0,ZONA RURAL - PUEBLO ESTHER,Distribucion de Energia Electrica,4M30,EA,8798,8813,8179,8011,,8798,8813,0,0,7.000 - 6.800,7000,"116,84 %","117,81 %","116,84 %",0 %,
700001431,2019,13,13,3,R,VILLA CONSTITUCION,300,44,VILLA CONSTITUCION,99,8020,8400,0,ZONA RURAL - PUEBLO ESTHER,Distribucion de Energia Electrica,4M30,EA,8798,8813,5899,5981,,8798,8813,0,0,7.000 - 6.800,7000,"84,27 %","87,96 %","85,44 %",0 %,
700001431,2019,13,13,4,R,VILLA CONSTITUCION,300,44,VILLA CONSTITUCION,99,8020,8400,0,ZONA RURAL - PUEBLO ESTHER,Distribucion de Energia Electrica,4M30,EB,5000,4600,5082,4464,,5000,4600,0,0,7.000 - 6.800,7000,"72,60 %","65,65 %","72,60 %",0 %,
700001431,2019,13,13,5,R,VILLA CONSTITUCION,300,44,VILLA CONSTITUCION,99,8020,8400,0,ZONA RURAL - PUEBLO ESTHER,Distribucion de Energia Electrica,4M30,EB,5000,4600,5227,4742,,5000,4600,0,0,7.000 - 6.800,7000,"74,67 %","69,74 %","74,67 %",0 %,
700001431,2019,13,13,6,R,VILLA CONSTITUCION,300,44,VILLA CONSTITUCION,99,8020,8400,0,ZONA RURAL - PUEBLO ESTHER,Distribucion de Energia Electrica,4M30,EB,5000,4600,5390,4997,,5000,4600,0,0,7.000 - 6.800,7000,"77,00 %","73,49 %","77,00 %",0 %,
700001431,2019,13,13,7,R,VILLA CONSTITUCION,300,44,VILLA CONSTITUCION,99,8020,8400,0,ZONA RURAL - PUEBLO ESTHER,Distribucion de Energia Electrica,4M30,EB,5000,4600,5798,5347,,5000,4600,0,0,7.000 - 6.800,7000,"82,83 %","78,63 %","82,83 %",0 %,
700001431,2019,14,14,8,R,VILLA CONSTITUCION,300,44,VILLA CONSTITUCION,99,8020,8400,0,ZONA RURAL - PUEBLO ESTHER,Distribucion de Energia Electrica,4M30,EB,5000,4600,5770,5251,,5000,4600,0,0,7.000 - 6.800,7000,"82,43 %","77,22 %","82,43 %",0 %,
700001431,2019,14,14,9,R,VILLA CONSTITUCION,300,44,VILLA CONSTITUCION,99,8020,8400,0,ZONA RURAL - PUEBLO ESTHER,Distribucion de Energia Electrica,4M30,EB,5000,4600,5381,4824,,5000,4600,0,0,7.000 - 6.800,7000,"76,87 %","70,94 %","76,87 %",0 %,
700001431,2019,14,14,10,R,VILLA CONSTITUCION,300,44,VILLA CONSTITUCION,99,8020,8400,0,ZONA RURAL - PUEBLO ESTHER,Distribucion de Energia Electrica,4M30,EB,5000,4600,5102,4546,,5000,4600,0,0,7.000 - 6.800,7000,"72,89 %","66,85 %","72,89 %",0 %,
700001431,2019,14,14,11,R,VILLA CONSTITUCION,300,44,VILLA CONSTITUCION,99,8020,8400,0,ZONA RURAL - PUEBLO ESTHER,Distribucion de Energia Electrica,4M30,EB,5000,4600,6682,6418,,5000,4600,0,0,7.000 - 6.800,7000,"95,46 %","94,38 %","95,46 %",0 %,
700001431,2019,14,14,12,R,VILLA CONSTITUCION,300,44,VILLA CONSTITUCION,99,8020,8400,0,ZONA RURAL - PUEBLO ESTHER,Distribucion de Energia Electrica,4M30,EA,7000,6800,7310,7210,,7000,6800,0,0,7.000 - 6.800,7000,"104,43 %","106,03 %","104,43 %",0 %,
700001431,2020,14,14,1,R,VILLA CONSTITUCION,300,44,VILLA CONSTITUCION,99,8020,8400,0,ZONA RURAL - PUEBLO ESTHER,Distribucion de Energia Electrica,4M30,EA,7000,6800,7704,7661,,7000,6800,0,0,7.000 - 6.800,7000,"110,06 %","112,66 %","110,06 %",0 %,
700001431,2020,14,14,2,R,VILLA CONSTITUCION,300,44,VILLA CONSTITUCION,99,8020,8400,0,ZONA RURAL - PUEBLO ESTHER,Distribucion de Energia Electrica,4M30,EA,7000,6800,7906,7853,1 - EA,7000,6800,0,0,7.000 - 6.800,7000,"112,94 %","115,49 %","112,94 %",100 %,
700001431,2020,14,14,3,R,VILLA CONSTITUCION,300,44,VILLA CONSTITUCION,99,8020,8400,0,ZONA RURAL - PUEBLO ESTHER,Distribucion de Energia Electrica,4M30,EA,7000,7853,7171,6792,2 - EA,7000,7853,0,0,7.000 - 6.800,7000,"102,44 %","99,88 %","102,44 %",100 %,
700001431,2020,14,14,4,R,VILLA CONSTITUCION,300,44,VILLA CONSTITUCION,99,8020,8400,0,JUAN B ALBERDI 1316,Distribucion de Energia Electrica,4M30,EB,5000,4600,5035,4445,,5000,4600,0,0,7.000 - 6.800,7000,"71,93 %","65,37 %","71,93 %",0 %,
700001431,2020,14,14,5,R,VILLA CONSTITUCION,300,44,VILLA CONSTITUCION,99,8020,8400,0,JUAN B ALBERDI 1316,Distribucion de Energia Electrica,4M30,EB,5000,4600,5275,4704,,5000,4600,0,0,7.000 - 6.800,7000,"75,36 %","69,18 %","75,36 %",0 %,
700001431,2020,14,14,6,R,VILLA CONSTITUCION,300,44,VILLA CONSTITUCION,99,8020,8400,0,JUAN B ALBERDI 1316,Distribucion de Energia Electrica,4M30,EB,5000,4600,5851,5304,,5000,4600,0,0,7.000 - 6.800,7000,"83,59 %","78,00 %","83,59 %",0 %,
700001431,2020,14,14,7,R,VILLA CONSTITUCION,300,44,VILLA CONSTITUCION,99,8020,8400,0,JUAN B ALBERDI 1316,Distribucion de Energia Electrica,4M30,EB,5000,4600,5995,5501,,5000,4600,0,0,7.000 - 6.800,7000,"85,64 %","80,90 %","85,64 %",0 %,
700001431,2020,15,15,8,R,VILLA CONSTITUCION,300,44,VILLA CONSTITUCION,99,8020,8400,0,JUAN B ALBERDI 1316,Distribución de energía eléctrica,4M30,EB,5000,4600,5856,5280,,5000,4600,0,0,7.000 - 6.800,7000,"83,66 %","77,65 %","83,66 %",0 %,
700001431,2020,15,15,9,R,VILLA CONSTITUCION,300,44,VILLA CONSTITUCION,99,8020,8400,0,JUAN B ALBERDI 1316,Distribución de energía eléctrica,4M30,EB,5000,4600,6067,5304,,5000,4600,0,0,7.000 - 6.800,7000,"86,67 %","78,00 %","86,67 %",0 %,
700001431,2020,15,15,10,R,VILLA CONSTITUCION,300,44,VILLA CONSTITUCION,99,8020,8400,0,JUAN B ALBERDI 1316,Distribución de energía eléctrica,4M30,EB,5000,4600,6336,6096,,5000,4600,0,0,7.000 - 6.800,7000,"90,51 %","89,65 %","90,51 %",0 %,
700001431,2020,15,15,11,R,VILLA CONSTITUCION,300,44,VILLA CONSTITUCION,99,8020,8400,0,JUAN B ALBERDI 1316,Distribución de energía eléctrica,4M30,EB,5000,4600,7248,6912,1 - EB,5000,4600,0,0,7.000 - 6.800,7000,"103,54 %","101,65 %","103,54 %",200 %,
700001431,2020,15,15,12,R,VILLA CONSTITUCION,300,44,VILLA CONSTITUCION,99,8020,8400,0,JUAN B ALBERDI 1316,Distribución de energía eléctrica,4M30,EA,7000,6800,8016,8064,1 - EA,7000,6800,0,0,7.000 - 6.800,7000,"114,51 %","118,59 %","115,20 %",100 %,
700001431,2021,15,15,1,R,VILLA CONSTITUCION,300,44,VILLA CONSTITUCION,99,8020,8400,0,JUAN B ALBERDI 1316,Distribución de energía eléctrica,4M30,EA,7000,8064,8640,8544,2 - EA,7000,8064,0,0,7.000 - 6.800,7000,"123,43 %","125,65 %","123,43 %",200 %,
700001431,2021,15,15,2,R,VILLA CONSTITUCION,300,44,VILLA CONSTITUCION,99,8020,8400,0,JUAN B ALBERDI 1316,Distribución de energía eléctrica,4M30,EA,8640,8544,7872,7104,,8640,8544,0,0,7.000 - 6.800,7000,"112,46 %","104,47 %","112,46 %",0 %,
700001431,2021,15,15,3,R,VILLA CONSTITUCION,300,44,VILLA CONSTITUCION,99,8020,8400,0,JUAN B ALBERDI 1316,Distribución de energía eléctrica,4M30,EA,8640,8544,8064,7296,,8640,8544,0,0,7.000 - 6.800,7000,"115,20 %","107,29 %","115,20 %",0 %,
700001431,2021,15,15,4,R,VILLA CONSTITUCION,300,44,VILLA CONSTITUCION,99,8020,8400,0,JUAN B ALBERDI 1316,Distribución de energía eléctrica,4M30,EB,5000,4600,6144,5292,,5000,4600,0,0,7.000 - 6.800,7000,"87,77 %","77,82 %","87,77 %",0 %,
700001431,2021,15,15,5,R,VILLA CONSTITUCION,300,44,VILLA CONSTITUCION,99,8020,8400,0,JUAN B ALBERDI 1316,Distribución de energía eléctrica,4M30,EB,5000,4600,5784,5100,,5000,4600,0,0,7.000 - 6.800,7000,"82,63 %","75,00 %","82,63 %",0 %,
700001431,2021,15,15,6,R,VILLA CONSTITUCION,300,44,VILLA CONSTITUCION,99,8020,8400,0,JUAN B ALBERDI 1316,Distribución de energía eléctrica,4M30,EB,5000,4600,6744,6264,,5000,4600,0,0,7.000 - 6.800,7000,"96,34 %","92,12 %","96,34 %",0 %,
700001431,2021,15,15,7,R,VILLA CONSTITUCION,300,44,VILLA CONSTITUCION,99,8020,8400,0,JUAN B ALBERDI 1316,Distribución de energía eléctrica,4M30,EB,5000,4600,6432,5796,,5000,4600,0,0,7.000 - 6.800,7000,"91,89 %","85,24 %","91,89 %",0 %,
700001431,2021,16,16,8,R,VILLA CONSTITUCION,300,44,VILLA CONSTITUCION,99,8020,8400,0,JUAN B ALBERDI 1316,Distribución de energía eléctrica,4M30,EB,5000,4600,6240,5736,,5000,4600,0,0,7.000 - 6.800,7000,"89,14 %","84,35 %","89,14 %",0 %,
700001431,2021,16,16,9,R,VILLA CONSTITUCION,300,44,VILLA CONSTITUCION,99,8020,8400,0,JUAN B ALBERDI 1316,Distribución de energía eléctrica,4M30,EB,5000,4600,5820,5040,,5000,4600,0,0,7.000 - 6.800,7000,"83,14 %","74,12 %","83,14 %",0 %,
700001431,2021,16,16,10,R,VILLA CONSTITUCION,300,44,VILLA CONSTITUCION,99,8020,8400,0,JUAN B ALBERDI 1316,Distribución de energía eléctrica,4M30,EB,5000,4600,6948,6636,,5000,4600,0,0,7.000 - 6.800,7000,"99,26 %","97,59 %","99,26 %",0 %,
700001431,2021,16,16,11,R,VILLA CONSTITUCION,300,44,VILLA CONSTITUCION,99,8020,8400,0,JUAN B ALBERDI 1316,Distribución de energía eléctrica,4M30,EB,5000,4600,6852,6816,1 - EB,5000,4600,0,0,7.000 - 6.800,7000,"97,89 %","100,24 %","97,89 %",100 %,
700001431,2021,16,16,12,R,VILLA CONSTITUCION,300,44,VILLA CONSTITUCION,99,8020,8400,0,JUAN B ALBERDI 1316,Distribución de energía eléctrica,4M30,EA,7000,6800,8832,8892,1 - EA,7000,6800,0,0,7.000 - 6.800,7000,"126,17 %","130,76 %","127,03 %",200 %,
700001431,2022,16,16,1,R,VILLA CONSTITUCION,300,44,VILLA CONSTITUCION,99,8020,8400,0,JUAN B ALBERDI 1316,Distribución de energía eléctrica,4M30,EA,8832,8892,9528,10140,2 - EA,8832,8892,0,0,7.000 - 6.800,7000,"136,11 %","149,12 %","144,86 %",200 %,
700001431,2022,16,16,2,R,VILLA CONSTITUCION,300,44,VILLA CONSTITUCION,99,8020,8400,0,JUAN B ALBERDI 1316,Distribución de energía eléctrica,4M30,EA,8832,10140,7752,7944,,8832,10140,0,0,7.000 - 6.800,7000,"110,74 %","116,82 %","113,49 %",0 %,
700001431,2022,16,16,3,R,VILLA CONSTITUCION,300,44,VILLA CONSTITUCION,99,8020,8400,0,JUAN B ALBERDI 1316,Distribución de energía eléctrica,4M30,EA,8832,10140,6900,6264,,8832,10140,0,0,7.000 - 6.800,7000,"98,57 %","92,12 %","98,57 %",0 %,
700001431,2022,16,16,4,R,VILLA CONSTITUCION,300,44,VILLA CONSTITUCION,99,8020,8400,0,JUAN B ALBERDI 1316,Distribución de energía eléctrica,4M30,EB,5000,4600,5496,4764,,5000,4600,0,0,7.000 - 6.800,7000,"78,51 %","70,06 %","78,51 %",0 %,
700001431,2022,16,16,5,R,VILLA CONSTITUCION,300,44,VILLA CONSTITUCION,99,8020,8400,0,JUAN B ALBERDI 1316,Distribución de energía eléctrica,4M30,EB,5000,4600,6552,5820,,5000,4600,0,0,7.000 - 6.800,7000,"93,60 %","85,59 %","93,60 %",0 %,
700001431,2022,16,16,6,R,VILLA CONSTITUCION,300,44,VILLA CONSTITUCION,99,8020,8400,0,JUAN B ALBERDI 1316,Distribución de energía eléctrica,4M30,EB,5000,4600,6648,6264,,5000,4600,0,0,7.000 - 6.800,7000,"94,97 %","92,12 %","94,97 %",0 %,
700001431,2022,16,16,7,R,VILLA CONSTITUCION,300,44,VILLA CONSTITUCION,99,8020,8400,0,JUAN B ALBERDI 1316,Distribución de energía eléctrica,4M30,EB,5000,4600,6444,5736,,5000,4600,0,0,7.000 - 6.800,7000,"92,06 %","84,35 %","92,06 %",0 %,
700001431,2022,17,17,8,R,VILLA CONSTITUCION,300,44,VILLA CONSTITUCION,99,8020,8400,0,JUAN B ALBERDI 1316,Distribución de energía eléctrica,4M30,EB,5800,5100,6156,5628,,5800,5100,0,0,8.050 - 8.300,8300,"76,47 %","67,81 %","74,17 %",0 %,
700001431,2022,17,17,9,R,VILLA CONSTITUCION,300,44,VILLA CONSTITUCION,99,8020,8400,0,JUAN B ALBERDI 1316,Distribución de energía eléctrica,4M30,EB,5800,5100,5676,4968,,5800,5100,0,0,8.050 - 8.300,8300,"70,51 %","59,86 %","68,39 %",0 %,
700001431,2022,17,17,10,R,VILLA CONSTITUCION,300,44,VILLA CONSTITUCION,99,8020,8400,0,JUAN B ALBERDI 1316,Distribución de energía eléctrica,4M30,EB,5800,5100,6072,5352,,5800,5100,0,0,8.050 - 8.300,8300,"75,43 %","64,48 %","73,16 %",0 %,
700001431,2022,17,17,11,R,VILLA CONSTITUCION,300,44,VILLA CONSTITUCION,99,8020,8400,0,JUAN B ALBERDI 1316,Distribución de energía eléctrica,4M30,EB,5800,5100,8328,8652,1 - EB,5800,5100,0,0,8.050 - 8.300,8300,"103,45 %","104,24 %","104,24 %",200 %,
700001431,2022,17,17,12,R,VILLA CONSTITUCION,300,44,VILLA CONSTITUCION,99,8020,8400,0,JUAN B ALBERDI 1316,Distribución de energía eléctrica,4M30,EA,8050,8300,9024,9528,,8050,8300,0,0,8.050 - 8.300,8300,"112,10 %","114,80 %","114,80 %",0 %,
700001431,2023,17,17,1,R,VILLA CONSTITUCION,300,44,VILLA CONSTITUCION,99,8020,8400,0,JUAN B ALBERDI 1316,Distribución de energía eléctrica,4M30,EA,8050,8300,9180,9300,,8050,8300,0,0,8.050 - 8.300,8300,"114,04 %","112,05 %","112,05 %",0 %,
700001431,2023,17,17,2,R,VILLA CONSTITUCION,300,44,VILLA CONSTITUCION,99,8020,8400,0,JUAN B ALBERDI 1316,Distribución de energía eléctrica,4M30,EA,8050,8300,9432,9720,1 - EA,8050,8300,0,0,8.050 - 8.300,8300,"117,17 %","117,11 %","117,11 %",200 %,
700001431,2023,17,17,3,R,VILLA CONSTITUCION,300,44,VILLA CONSTITUCION,99,8020,8400,0,JUAN B ALBERDI 1316,Distribución de energía eléctrica,4M30,EA,9432,9720,9612,10212,2 - EA,9432,9720,0,0,8.050 - 8.300,8300,"119,40 %","123,04 %","123,04 %",200 %,
700001431,2023,17,17,4,R,VILLA CONSTITUCION,300,44,VILLA CONSTITUCION,99,8020,8400,0,JUAN B ALBERDI 1316,Distribución de energía eléctrica,4M30,EB,5800,5100,6084,5208,,5800,5100,0,0,8.050 - 8.300,8300,"75,58 %","62,75 %","73,30 %",0 %,
700001431,2023,17,17,5,R,VILLA CONSTITUCION,300,44,VILLA CONSTITUCION,99,8020,8400,0,JUAN B ALBERDI 1316,Distribución de energía eléctrica,4M30,EB,5800,5100,5772,5004,,5800,5100,0,0,8.050 - 8.300,8300,"71,70 %","60,29 %","69,54 %",0 %,
700001431,2023,17,17,6,R,VILLA CONSTITUCION,300,44,VILLA CONSTITUCION,99,8020,8400,0,ZONA RURAL - PUEBLO ESTHER,Distribución de energía eléctrica,4M30,EB,5800,5100,6564,5940,,5800,5100,0,0,8.050 - 8.300,8300,"81,54 %","71,57 %","79,08 %",0 %,
700001431,2023,17,17,7,R,VILLA CONSTITUCION,300,44,VILLA CONSTITUCION,99,8020,8400,0,ZONA RURAL - PUEBLO ESTHER,Distribución de energía eléctrica,4M30,EB,5800,5100,6804,6168,,5800,5100,0,0,8.050 - 8.300,8300,"84,52 %","74,31 %","81,98 %",0 %,
700001431,2023,18,18,8,R,VILLA CONSTITUCION,300,44,VILLA CONSTITUCION,99,8020,8400,0,ZONA RURAL - PUEBLO ESTHER,Distribución de energía eléctrica,4M30,EB,5800,5100,6060,5508,,5800,5100,0,0,8.050 - 8.300,8300,"75,28 %","66,36 %","73,01 %",0 %,
700001431,2023,18,18,9,R,VILLA CONSTITUCION,300,44,VILLA CONSTITUCION,99,8020,8400,0,ZONA RURAL - PUEBLO ESTHER,Distribución de energía eléctrica,4M30,EB,5800,5100,6048,5328,,5800,5100,0,0,8.050 - 8.300,8300,"75,13 %","64,19 %","72,87 %",0 %,
700001431,2023,18,18,10,R,VILLA CONSTITUCION,300,44,VILLA CONSTITUCION,99,8020,8400,0,ZONA RURAL - PUEBLO ESTHER,Distribución de energía eléctrica,4M30,EB,5800,5100,6072,5316,,5800,5100,0,0,8.050 - 8.300,8300,"75,43 %","64,05 %","73,16 %",0 %,
700001431,2023,18,18,11,R,VILLA CONSTITUCION,300,44,VILLA CONSTITUCION,99,8020,8400,0,ZONA RURAL - PUEBLO ESTHER,Distribución de energía eléctrica,4M30,EB,5800,5100,8460,7884,1 - EB,5800,5100,0,0,8.050 - 8.300,8300,"105,09 %","94,99 %","101,93 %",100 %,
700001431,2023,18,18,12,R,VILLA CONSTITUCION,300,44,VILLA CONSTITUCION,99,8020,8400,0,ZONA RURAL - PUEBLO ESTHER,Distribución de energía eléctrica,4M30,EA,8050,8300,8484,8100,,8050,8300,0,0,8.050 - 8.300,8300,"105,39 %","97,59 %","102,22 %",0 %,
700001431,2024,18,18,1,R,VILLA CONSTITUCION,300,44,VILLA CONSTITUCION,99,8020,8400,0,ZONA RURAL - PUEBLO ESTHER,Distribución de energía eléctrica,4M30,EA,8050,8300,9564,9156,1 - EA,8050,8300,0,0,8.050 - 8.300,8300,"118,81 %","110,31 %","115,23 %",100 %,
700001431,2024,18,18,2,R,VILLA CONSTITUCION,300,44,VILLA CONSTITUCION,99,8020,8400,0,ZONA RURAL - PUEBLO ESTHER,Distribución de energía eléctrica,4M30,EA,9564,8300,10764,10764,2 - EA,9564,8300,0,0,8.050 - 8.300,8300,"133,71 %","129,69 %","129,69 %",200 %,
700001431,2024,18,18,3,R,VILLA CONSTITUCION,300,44,VILLA CONSTITUCION,99,8020,8400,0,ZONA RURAL - PUEBLO ESTHER,Distribución de energía eléctrica,4M30,EA,9564,10764,8448,7860,,9564,10764,0,0,8.050 - 8.300,8300,"104,94 %","94,70 %","101,78 %",0 %,
700001431,2024,18,18,4,R,VILLA CONSTITUCION,300,44,VILLA CONSTITUCION,99,8020,8400,0,ZONA RURAL - PUEBLO ESTHER,Distribución de energía eléctrica,4M30,EB,5800,5100,5580,4788,,5800,5100,0,0,8.050 - 8.300,8300,"69,32 %","57,69 %","67,23 %",0 %,
700001431,2024,18,18,5,R,VILLA CONSTITUCION,300,44,VILLA CONSTITUCION,99,8020,8400,0,ZONA RURAL - PUEBLO ESTHER,Distribución de energía eléctrica,4M30,EB,5800,5100,6600,5892,,5800,5100,0,0,8.050 - 8.300,8300,"81,99 %","70,99 %","79,52 %",0 %,
700001431,2024,18,18,6,R,VILLA CONSTITUCION,300,44,VILLA CONSTITUCION,99,8020,8400,0,ZONA RURAL - PUEBLO ESTHER,Distribución de energía eléctrica,4M30,EB,5800,5100,6264,5592,,5800,5100,0,0,8.050 - 8.300,8300,"77,81 %","67,37 %","75,47 %",0 %,
700001431,2024,18,18,7,R,VILLA CONSTITUCION,300,44,VILLA CONSTITUCION,99,8020,8400,0,ZONA RURAL - PUEBLO ESTHER,Distribución de energía eléctrica,4M30,EB,5800,5100,6924,6252,,5800,5100,0,0,8.050 - 8.300,8300,"86,01 %","75,33 %","83,42 %",0 %,
